Track URI,Track Name,Artist URI(s),Artist Name(s),Album URI,Album Name,Album Artist URI(s),Album Artist Name(s),Album Image URL,Disc Number,Track Number,Track Duration (ms),Track Preview URL,Explicit,Popularity,ISRC,Full Link
spotify:track:3Um9toULmYFGCpvaIPFw7l,What's Going On,spotify:artist:3koiLjNrgRTNbOwViDipeA,Marvin Gaye,spotify:album:2v6ANhWhZBUKkg6pJJBs3B,What's Going On,spotify:artist:3koiLjNrgRTNbOwViDipeA,Marvin Gaye,https://i.scdn.co/image/ab67616d0000b273b36949bee43217351961ffbc,1,1,233000,https://p.scdn.co/mp3-preview/c041c704488808767e7195a99ba586e3b4da893a?cid=9950ac751e34487dbbe027c4fd7f8e99,FALSE,70,USMO17100041,https://open.spotify.com/track/3Um9toULmYFGCpvaIPFw7l
spotify:track:4N0TP4Rmj6QQezWV88ARNJ,Superstition,spotify:artist:7guDJrEfX3qb6FEbdPA5qi,Stevie Wonder,spotify:album:3PResMqFgQYBfzTnqTKwQw,Talking Book,spotify:artist:7guDJrEfX3qb6FEbdPA5qi,Stevie Wonder,https://i.scdn.co/image/ab67616d0000b273a14b08b9a6616e121df5e8b0,1,6,266133,https://p.scdn.co/mp3-preview/ee7c70dc3c3c53627f56bcff951da5831104e8e9?cid=9950ac751e34487dbbe027c4fd7f8e99,FALSE,67,USMO17200984,https://open.spotify.com/track/4N0TP4Rmj6QQezWV88ARNJ
spotify:track:0tOCULBiOd2RcRSM2kJNhr,Feelin' Stronger Every Day,spotify:artist:3iDD7bnsjL9J4fO298r0L0,Chicago,spotify:album:5qWGV0fd7hpdptJYI4G9Dd,Chicago IX: Chicago's Greatest Hits,spotify:artist:3iDD7bnsjL9J4fO298r0L0,Chicago,https://i.scdn.co/image/ab67616d0000b2730ac413b28547dbc45412a3ce,1,6,256773,https://p.scdn.co/mp3-preview/1d213c8100a4776616b201ff6aacde95f13bb3a2?cid=9950ac751e34487dbbe027c4fd7f8e99,FALSE,43,USRH10904156,https://open.spotify.com/track/0tOCULBiOd2RcRSM2kJNhr
spotify:track:3PQLYVskjUeRmRIfECsL0X,No Woman No Cry,spotify:artist:2QsynagSdAqZj3U9HgDzjD,Bob Marley & The Wailers,spotify:album:1d8lF3nZpEIFeEbWmAt9Ey,Natty Dread,spotify:artist:2QsynagSdAqZj3U9HgDzjD,Bob Marley & The Wailers,https://i.scdn.co/image/ab67616d0000b273b5a0ee94e2741374ce5c71a2,1,2,226240,https://p.scdn.co/mp3-preview/c1f12b593b71296f4d6e3b5c4623ca0fb4ef02dd?cid=9950ac751e34487dbbe027c4fd7f8e99,FALSE,58,GBAAN7490002,https://open.spotify.com/track/3PQLYVskjUeRmRIfECsL0X
spotify:track:5VSAonaAPhhGn0G7hMYwWK,Sister Golden Hair,spotify:artist:35U9lQaRWSQISxQAB94Meo,America,spotify:album:6Ef4yClroC8pMGktYOUd5n,Hearts,spotify:artist:35U9lQaRWSQISxQAB94Meo,America,https://i.scdn.co/image/ab67616d0000b273697a6ee736a3c36177c4557d,1,10,199573,https://p.scdn.co/mp3-preview/050763f599850ea45013686326e5f3ae25b4ccf5?cid=9950ac751e34487dbbe027c4fd7f8e99,FALSE,69,USWB19901801,https://open.spotify.com/track/5VSAonaAPhhGn0G7hMYwWK
spotify:track:1QEEqeFIZktqIpPI4jSVSF,More Than a Feeling,spotify:artist:29kkCKKGXheHuoO829FxWK,Boston,spotify:album:2QLp07RO6anZHmtcKTEvSC,Boston,spotify:artist:29kkCKKGXheHuoO829FxWK,Boston,https://i.scdn.co/image/ab67616d0000b27390ef9760e57fafd8f966d17a,1,1,285133,https://p.scdn.co/mp3-preview/c2218bba50a716621add2095ecee716282ac3f5c?cid=9950ac751e34487dbbe027c4fd7f8e99,FALSE,79,USSM17600941,https://open.spotify.com/track/1QEEqeFIZktqIpPI4jSVSF
spotify:track:39iKJpLPhsDTOzH2lXliWF,(Your Love Has Lifted Me) Higher And Higher,spotify:artist:1vnIL4DMlivP55ioM6KitW,Rita Coolidge,spotify:album:3IcnPxM10hCMb6W2gCapAY,Anytime... Anywhere,spotify:artist:1vnIL4DMlivP55ioM6KitW,Rita Coolidge,https://i.scdn.co/image/ab67616d0000b27377835d4aad19f47457ea41bd,1,1,241720,https://p.scdn.co/mp3-preview/fadea925be6196b94477b1a5f460fd3737186973?cid=9950ac751e34487dbbe027c4fd7f8e99,FALSE,50,USAM17700388,https://open.spotify.com/track/39iKJpLPhsDTOzH2lXliWF
spotify:track:2nmaEzFZrSm2aMLtfJDzyG,Werewolves of London,spotify:artist:3mY9Ii0cL5SQxpOTAm8SHx,Warren Zevon,spotify:album:41u8E08e0jIP808qLi1GHB,A Quiet Normal Life: The Best of Warren Zevon,spotify:artist:3mY9Ii0cL5SQxpOTAm8SHx,Warren Zevon,https://i.scdn.co/image/ab67616d0000b2731b68ea95d2884c556fe9ce4f,1,1,208173,https://p.scdn.co/mp3-preview/08f041a7bc1dc581bb3ad79fdf901a8f29ebe56a?cid=9950ac751e34487dbbe027c4fd7f8e99,FALSE,57,USEE19901101,https://open.spotify.com/track/2nmaEzFZrSm2aMLtfJDzyG
spotify:track:59CLe8stbcx4XYBWdsfbwK,One Way Or Another,spotify:artist:4tpUmLEVLCGFr93o8hFFIB,Blondie,spotify:album:4M6s2jbhKWEcOdXZ8WiHts,Parallel Lines,spotify:artist:4tpUmLEVLCGFr93o8hFFIB,Blondie,https://i.scdn.co/image/ab67616d0000b273ace2bedb8e6cfa04207d5c0f,1,2,217364,https://p.scdn.co/mp3-preview/4e2ee732bc738488dae8d5dc2a743f120b166633?cid=9950ac751e34487dbbe027c4fd7f8e99,FALSE,62,USCH38500014,https://open.spotify.com/track/59CLe8stbcx4XYBWdsfbwK
spotify:track:6ITuEsxEy2qPhqMowdDAeI,Train in Vain (Stand by Me) - Remastered,spotify:artist:3RGLhK1IP9jnYFH4BRFJBS,The Clash,spotify:album:6FCzvataOZh68j8OKzOt9a,London Calling (Remastered),spotify:artist:3RGLhK1IP9jnYFH4BRFJBS,The Clash,https://i.scdn.co/image/ab67616d0000b273cd9d8bc9ef04014b6e90e182,1,19,194666,https://p.scdn.co/mp3-preview/419f5ebcb91feab398f94fcfc1ee608cf10cd8c1?cid=9950ac751e34487dbbe027c4fd7f8e99,FALSE,67,GBARL1200698,https://open.spotify.com/track/6ITuEsxEy2qPhqMowdDAeI
spotify:track:5RsUlxLto4NZbhJpqJbHfN,Jessie's Girl,spotify:artist:6IFXsrXBpwbIqtOUOiAa3p,Rick Springfield,spotify:album:4KKFWTePKtgb6mOwFDqxYa,Working Class Dog,spotify:artist:6IFXsrXBpwbIqtOUOiAa3p,Rick Springfield,https://i.scdn.co/image/ab67616d0000b2734a57b8b911a372d77dfc1ba7,1,2,194120,https://p.scdn.co/mp3-preview/e18b66bcab385437106462df1e1723f19620aef8?cid=9950ac751e34487dbbe027c4fd7f8e99,FALSE,71,USRC18108188,https://open.spotify.com/track/5RsUlxLto4NZbhJpqJbHfN
spotify:track:6J2rMSRhgb4HuX6dWgM3nJ,I Melt with You,spotify:artist:0fYPQBOx0vsRMmjUba9HgF,Modern English,spotify:album:4vRPqgP624nl5Nupi3AxzZ,After the Snow,spotify:artist:0fYPQBOx0vsRMmjUba9HgF,Modern English,https://i.scdn.co/image/ab67616d0000b273277f9005d9c9475965086560,1,5,251573,https://p.scdn.co/mp3-preview/de5aef4c27978f4abeb1b4536aec1a1d21466b1d?cid=9950ac751e34487dbbe027c4fd7f8e99,FALSE,61,GBAFL8200036,https://open.spotify.com/track/6J2rMSRhgb4HuX6dWgM3nJ
spotify:track:0GTK6TesV108Jj5D3MHsYb,Owner of a Lonely Heart,spotify:artist:7AC976RDJzL2asmZuz7qil,Yes,spotify:album:6nNlTIiFd3J06W0rJiiwlz,90125 (Deluxe Version),spotify:artist:7AC976RDJzL2asmZuz7qil,Yes,https://i.scdn.co/image/ab67616d0000b273418e5dc6c0324f12a96e7aa7,1,1,268506,https://p.scdn.co/mp3-preview/9e5d2d1a4f4a6e47a35bb46988c85a9b9326de86?cid=9950ac751e34487dbbe027c4fd7f8e99,FALSE,70,USAT20702539,https://open.spotify.com/track/0GTK6TesV108Jj5D3MHsYb
spotify:track:1ChulFMnwxoD74Me8eX2TU,You Spin Me Round (Like a Record),spotify:artist:5WWSL6rElJeUk3Uc1S2RyD,Dead Or Alive,spotify:album:5AMshCv0RIe2aO4XaQWhp4,Evolution: The Hits,spotify:artist:5WWSL6rElJeUk3Uc1S2RyD,Dead Or Alive,https://i.scdn.co/image/ab67616d0000b273bd0c47e4cfb4ee327e53bc73,1,1,195146,https://p.scdn.co/mp3-preview/a936aaf117b8b9dc912da836fa657585eef7ba97?cid=9950ac751e34487dbbe027c4fd7f8e99,FALSE,75,GBBBM8400015,https://open.spotify.com/track/1ChulFMnwxoD74Me8eX2TU
spotify:track:07CyrZF9eVd02zzIse7tZA,In Between Days - 2006 Remaster,spotify:artist:7bu3H8JO7d0UbMoVzbo70s,The Cure,spotify:album:4Uq47onfCEj5en94jpHovk,The Head on the Door (Deluxed Edition),spotify:artist:7bu3H8JO7d0UbMoVzbo70s,The Cure,https://i.scdn.co/image/ab67616d0000b27396e854c582f5213d51793cc2,1,1,177986,https://p.scdn.co/mp3-preview/21569cc17cecfcfe601ead64427b705c5b220a0b?cid=9950ac751e34487dbbe027c4fd7f8e99,FALSE,61,USEE10608886,https://open.spotify.com/track/07CyrZF9eVd02zzIse7tZA
spotify:track:62LJFaYihsdVrrkgUOJC05,Kiss,spotify:artist:5a2EaR3hamoenG9rDuVn8j,Prince,spotify:album:54DjkEN3wdCQgfCTZ9WjdB,Parade - Music from the Motion Picture Under the Cherry Moon,spotify:artist:5a2EaR3hamoenG9rDuVn8j,Prince,https://i.scdn.co/image/ab67616d0000b27323cc0f0a925845a3de4aca38,1,10,226240,https://p.scdn.co/mp3-preview/978b9ddec8011f5d1919bb514338265df35697e3?cid=9950ac751e34487dbbe027c4fd7f8e99,FALSE,73,USWB19903319,https://open.spotify.com/track/62LJFaYihsdVrrkgUOJC05
spotify:track:7vbncEwhWfQes0OLEUeIxb,How Ya Like Me Now,spotify:artist:2RE8NwNxsOyuNZDD0jRxHP,Kool Moe Dee,spotify:album:0V3b2bczRgZ4qrGq1L5BVI,How Ya Like Me Now (Expanded Edition),spotify:artist:2RE8NwNxsOyuNZDD0jRxHP,Kool Moe Dee,https://i.scdn.co/image/ab67616d0000b27339471023171d93a19f1cc814,1,1,337333,https://p.scdn.co/mp3-preview/e519038849f250f2f601174ebd9bea4987b270d4?cid=9950ac751e34487dbbe027c4fd7f8e99,FALSE,42,USJI10300472,https://open.spotify.com/track/7vbncEwhWfQes0OLEUeIxb
spotify:track:7snQQk1zcKl8gZ92AnueZW,Sweet Child O' Mine,spotify:artist:3qm84nBOXUEQ2vnTfUTTFC,Guns N' Roses,spotify:album:28yHV3Gdg30AiB8h8em1eW,Appetite For Destruction,spotify:artist:3qm84nBOXUEQ2vnTfUTTFC,Guns N' Roses,https://i.scdn.co/image/ab67616d0000b27321ebf49b3292c3f0f575f0f5,1,9,356066,https://p.scdn.co/mp3-preview/92ac4ba7bc8ed36373b795b5b9ffe7e37468cc4f?cid=9950ac751e34487dbbe027c4fd7f8e99,TRUE,77,USGF18714809,https://open.spotify.com/track/7snQQk1zcKl8gZ92AnueZW
spotify:track:0s6e7ZafqOAUBDoQYGmxrc,Every Little Step,spotify:artist:62sPt3fswraiEPnKQpAbdE,Bobby Brown,spotify:album:44w4sVYJVQzhH2dN3IwyIK,Don't Be Cruel,spotify:artist:62sPt3fswraiEPnKQpAbdE,Bobby Brown,https://i.scdn.co/image/ab67616d0000b27353cf43170dc29787984cf6b4,1,6,237240,https://p.scdn.co/mp3-preview/5f81400298b14ac8d1fa986c7e0e81e36c711418?cid=9950ac751e34487dbbe027c4fd7f8e99,FALSE,62,USMC10000859,https://open.spotify.com/track/0s6e7ZafqOAUBDoQYGmxrc
spotify:track:51Gkc1TxvyQ9K8y0pQRmQM,Been Caught Stealing,spotify:artist:02NfyD6AlLA12crYzw5YcR,Jane's Addiction,spotify:album:7acrrQejzV4ybWWTM8TmPf,Ritual De Lo Habitual,spotify:artist:02NfyD6AlLA12crYzw5YcR,Jane's Addiction,https://i.scdn.co/image/ab67616d0000b273da80002f2d1a8d827c6aea54,1,5,213293,https://p.scdn.co/mp3-preview/f407c5775fc89dcb96696836c50e282b37712a39?cid=9950ac751e34487dbbe027c4fd7f8e99,FALSE,55,USWB10902573,https://open.spotify.com/track/51Gkc1TxvyQ9K8y0pQRmQM
spotify:track:5r5uZvXHbE4X6CdhnSATtX,Can't Truss It,spotify:artist:6Mo9PoU6svvhgEum7wh2Nd,Public Enemy,spotify:album:2UqKqZofb9pdapHk4HzRUo,Apocalypse 91‚Ä¶ The Enemy Strikes Black,spotify:artist:6Mo9PoU6svvhgEum7wh2Nd,Public Enemy,https://i.scdn.co/image/ab67616d0000b273c461ace44054d79bdd287c4e,1,4,321573,https://p.scdn.co/mp3-preview/56d08853e9d8712fd47af0cdd1ad6faae6129f7c?cid=9950ac751e34487dbbe027c4fd7f8e99,FALSE,44,USDJ29100004,https://open.spotify.com/track/5r5uZvXHbE4X6CdhnSATtX
spotify:track:6BRyzEf1HmV8Wn4RLsaGEg,Kill Your Television,spotify:artist:5AX02tEFl85gnqkvzqeltP,Ned's Atomic Dustbin,spotify:album:3jkqrE3ycfEY8088IZXcZZ,God Fodder,spotify:artist:5AX02tEFl85gnqkvzqeltP,Ned's Atomic Dustbin,https://i.scdn.co/image/ab67616d0000b273f7e7bfd6274ffc0a98aea41b,1,1,178226,https://p.scdn.co/mp3-preview/1f66ae422c6a1ba3a68d90c0e0a3255b66888bb0?cid=9950ac751e34487dbbe027c4fd7f8e99,FALSE,30,GBBBN0009271,https://open.spotify.com/track/6BRyzEf1HmV8Wn4RLsaGEg
spotify:track:5lHgBqh9VwAAzQma55gHRY,Elderly Woman Behind the Counter in a Small Town - Remastered,spotify:artist:1w5Kfo2jwwIPruYS2UWh56,Pearl Jam,spotify:album:3BSOiAas8BpJOii3kCPyjV,Vs.,spotify:artist:1w5Kfo2jwwIPruYS2UWh56,Pearl Jam,https://i.scdn.co/image/ab67616d0000b273777344aba9d5b5785b4593a5,1,10,196186,https://p.scdn.co/mp3-preview/8a7c7626c77cac8841ff575c54428d8235ccc781?cid=9950ac751e34487dbbe027c4fd7f8e99,FALSE,65,USSM11100221,https://open.spotify.com/track/5lHgBqh9VwAAzQma55gHRY
spotify:track:0dfQwyoZoS9LgQiU6AJO7f,100% Pure Love,spotify:artist:2sd9Q3r0Jhqpe3w9WVuG43,Crystal Waters,spotify:album:3u9FnafwttOYXAz9fznSAg,The Best Of Crystal Waters,spotify:artist:2sd9Q3r0Jhqpe3w9WVuG43,Crystal Waters,https://i.scdn.co/image/ab67616d0000b27394e92a1b79c5beec12942090,1,2,278626,https://p.scdn.co/mp3-preview/3026ab3f76ba2d87709a39c3190b6b2de5b50a97?cid=9950ac751e34487dbbe027c4fd7f8e99,FALSE,56,USPR39400444,https://open.spotify.com/track/0dfQwyoZoS9LgQiU6AJO7f
spotify:track:1IsGA5ceSC4a5nxgAEYnQd,Only Happy When It Rains,spotify:artist:6S0GHTqz5sxK5f9HtLXn9q,Garbage,spotify:album:1Vze7jtjAVQOdIIQ8oO2X7,Garbage (20th Anniversary Deluxe Edition/Remastered),spotify:artist:6S0GHTqz5sxK5f9HtLXn9q,Garbage,https://i.scdn.co/image/ab67616d0000b273da79cbc3b29d31b96ee3fc3d,1,3,236533,https://p.scdn.co/mp3-preview/26a2d72e262b89dab6b6d9ef078b7fce528fac5f?cid=9950ac751e34487dbbe027c4fd7f8e99,FALSE,55,USGF19500403,https://open.spotify.com/track/1IsGA5ceSC4a5nxgAEYnQd
spotify:track:4vDBJeeQCbhP9FaPPMsYkY,Give Me One Reason,spotify:artist:7oPgCQqMMXEXrNau5vxYZP,Tracy Chapman,spotify:album:3XsOzkIBoHsxZ7jP3QF2oB,New Beginning,spotify:artist:7oPgCQqMMXEXrNau5vxYZP,Tracy Chapman,https://i.scdn.co/image/ab67616d0000b2736b38571f15487588ed53032f,1,9,268333,https://p.scdn.co/mp3-preview/6f84b6795d9c31712cea82f088fdf42d80617444?cid=9950ac751e34487dbbe027c4fd7f8e99,FALSE,69,USEE19900169,https://open.spotify.com/track/4vDBJeeQCbhP9FaPPMsYkY
spotify:track:3IrhUrZKAkJ8LsFtH71fOT,Discotheque,spotify:artist:51Blml2LZPmy7TTiAg47vQ,U2,spotify:album:5mojJwWgWNJcY3odUGgQc3,Pop,spotify:artist:51Blml2LZPmy7TTiAg47vQ,U2,https://i.scdn.co/image/ab67616d0000b2739b9cc2ad0ee4076cb900b4ee,1,1,318666,https://p.scdn.co/mp3-preview/5a614709f0dfad7e28efafd4168a6c254627c24e?cid=9950ac751e34487dbbe027c4fd7f8e99,FALSE,48,GBAAN9700001,https://open.spotify.com/track/3IrhUrZKAkJ8LsFtH71fOT
spotify:track:3Tbs9O6zy07BjjCU1omonJ,Polyester Bride,spotify:artist:2LXeJdQVcFkhkWydphLI74,Liz Phair,spotify:album:7eWv8vdJnYcTIP2BkQRNPy,Whitechocolatespaceegg,spotify:artist:2LXeJdQVcFkhkWydphLI74,Liz Phair,https://i.scdn.co/image/ab67616d0000b2733c7075bc56da9cff1f24e6f9,1,5,245466,https://p.scdn.co/mp3-preview/d283d0b6a9fcd3f2b4c282a2f254baeb5f91a4f5?cid=9950ac751e34487dbbe027c4fd7f8e99,FALSE,39,USMA39800005,https://open.spotify.com/track/3Tbs9O6zy07BjjCU1omonJ
spotify:track:3tRv4ZYZimrL27flnjgeR6,Every You Every Me,spotify:artist:6RZUqkomCmb8zCRqc9eznB,Placebo,spotify:album:2cDDG5rnwEgjNL8Q0cO9Zd,Without You I'm Nothing,spotify:artist:6RZUqkomCmb8zCRqc9eznB,Placebo,https://i.scdn.co/image/ab67616d0000b273ac68d5f575b62ee76a235396,1,8,213800,,FALSE,43,GBAAA9820460,https://open.spotify.com/track/3tRv4ZYZimrL27flnjgeR6
spotify:track:5hYr8yRbQLFE20oS7Mi3T2,(Rock) Superstar (feat. Chino Moreno & Everlast),"spotify:artist:4P0dddbxPil35MNN9G2MEX, spotify:artist:0Wfo0pd0KC47vx7uUEVOQ9, spotify:artist:14ZxDAK6ITtZZqPdiWrvSn","Cypress Hill, Chino Moreno, Everlast",spotify:album:31XG9UWJIXSXSsPUEsh3D2,Skull & Bones,spotify:artist:4P0dddbxPil35MNN9G2MEX,Cypress Hill,https://i.scdn.co/image/ab67616d0000b2732f92a8d5889dd6e36c14aa34,2,6,276866,https://p.scdn.co/mp3-preview/048c0636a34f660b29cc9dcbbe6767953ddad5bf?cid=9950ac751e34487dbbe027c4fd7f8e99,TRUE,63,USSM10000994,https://open.spotify.com/track/5hYr8yRbQLFE20oS7Mi3T2
spotify:track:08kB9HSfrcIi83rymwgjMz,Weapon Of Choice,spotify:artist:4Y7tXHSEejGu1vQ9bwDdXW,Fatboy Slim,spotify:album:6GSF3YIop0uuOUkSx8n9QJ,The Greatest Hits: Why Try Harder,spotify:artist:4Y7tXHSEejGu1vQ9bwDdXW,Fatboy Slim,https://i.scdn.co/image/ab67616d0000b273bec2d7f1e2e518ccf4af1ce1,1,4,219813,https://p.scdn.co/mp3-preview/668eed7e3cd09f3b9a828e2080c1cc69000f9af8?cid=9950ac751e34487dbbe027c4fd7f8e99,FALSE,49,GBBMQ0600006,https://open.spotify.com/track/08kB9HSfrcIi83rymwgjMz
spotify:track:1zHJcfZdzO7d0hf3vjQWxT,Glass Danse,spotify:artist:4A1yfFuBmBOgzv4Oe3fFHk,The Faint,spotify:album:5jzG3d0di3AEUHfCFxOBb1,Danse Macabre (Deluxe Edition) [Remastered],spotify:artist:4A1yfFuBmBOgzv4Oe3fFHk,The Faint,https://i.scdn.co/image/ab67616d0000b273e2c63acf17ddc2f29b1e8652,1,2,177440,https://p.scdn.co/mp3-preview/a3ccb33673c58d6c65988221f10a9e495e209088?cid=9950ac751e34487dbbe027c4fd7f8e99,FALSE,32,US2U61218002,https://open.spotify.com/track/1zHJcfZdzO7d0hf3vjQWxT
spotify:track:75z2YLg5Lkqf6qL9XOY8tV,Such Great Heights,spotify:artist:5yV1qdnmxyIYiSFB02wpDj,The Postal Service,spotify:album:1BSwkKATGVCMgNuN8ve7mz,Give Up,spotify:artist:5yV1qdnmxyIYiSFB02wpDj,The Postal Service,https://i.scdn.co/image/ab67616d0000b273df6e579914fc309b0e0bd745,1,2,266346,https://p.scdn.co/mp3-preview/804d33222301195787f0b94f0e2614f87dc6fd52?cid=9950ac751e34487dbbe027c4fd7f8e99,FALSE,54,USSUB0300120,https://open.spotify.com/track/75z2YLg5Lkqf6qL9XOY8tV
spotify:track:1LM6EReMkAxuDXDF26ekl2,Get By,spotify:artist:0lEssBAxQl2In4RpaB1C2Y,Talib Kweli,spotify:album:0apVddbk7Juec0DV4LNiBg,Quality,spotify:artist:0lEssBAxQl2In4RpaB1C2Y,Talib Kweli,https://i.scdn.co/image/ab67616d0000b273f99af87e949e0b53c5b26da6,1,3,227426,https://p.scdn.co/mp3-preview/61c5324e3d906a6e860b1fb7c6b1e33bb17d0ad2?cid=9950ac751e34487dbbe027c4fd7f8e99,TRUE,57,USRW50200462,https://open.spotify.com/track/1LM6EReMkAxuDXDF26ekl2
spotify:track:73mlvsfJM2qwlDUJxeaatI,Daft Punk Is Playing at My House,spotify:artist:066X20Nz7iquqkkCW6Jxy6,LCD Soundsystem,spotify:album:6aSk2vxoY3xtz7cXKuY9EL,LCD Soundsystem,spotify:artist:066X20Nz7iquqkkCW6Jxy6,LCD Soundsystem,https://i.scdn.co/image/ab67616d0000b27375ec666254c50336a378ad01,1,1,314556,https://p.scdn.co/mp3-preview/b7bbe3b6c1b55e84a1a92e4fc594eca7334d54af?cid=9950ac751e34487dbbe027c4fd7f8e99,FALSE,60,US4GE0400025,https://open.spotify.com/track/73mlvsfJM2qwlDUJxeaatI
spotify:track:13pyGLYmBjYgvOMIEivX2K,I Don't Feel Like Dancin',spotify:artist:3Y10boYzeuFCJ4Qgp53w6o,Scissor Sisters,spotify:album:3YIdZQ7UbWoTxPgznAYVOC,Ta Dah,spotify:artist:3Y10boYzeuFCJ4Qgp53w6o,Scissor Sisters,https://i.scdn.co/image/ab67616d0000b273ab41b12bbc0f61ebdfb2dfaf,1,1,288360,https://p.scdn.co/mp3-preview/1e7718f33c5e7d55fbfba7a96c68aef88a308bf8?cid=9950ac751e34487dbbe027c4fd7f8e99,FALSE,59,GBUM70602587,https://open.spotify.com/track/13pyGLYmBjYgvOMIEivX2K
spotify:track:6EIVLz5xM1xE29r0OmIkWt,Falling Slowly,"spotify:artist:3Caot8EtHX6wLpNF2wRzS0, spotify:artist:4SklVMGMsWTq7cJd9MixUx","Glen Hansard, Mark√©ta Irglov√°",spotify:album:4BUG3kfPOB6DWVKKDY2icE,Music From The Motion Picture Once,"spotify:artist:3Caot8EtHX6wLpNF2wRzS0, spotify:artist:4SklVMGMsWTq7cJd9MixUx","Glen Hansard, Mark√©ta Irglov√°",https://i.scdn.co/image/ab67616d0000b273d580d7902a74ec0468d99373,1,1,244133,https://p.scdn.co/mp3-preview/c0db850cca50a4788b5804f6a56d8ce771900e1e?cid=9950ac751e34487dbbe027c4fd7f8e99,FALSE,64,USLIC0700662,https://open.spotify.com/track/6EIVLz5xM1xE29r0OmIkWt
spotify:track:47i0RQi76b6UUCIBDgu2TR,Supernatural Superserious,spotify:artist:4KWTAlx2RvbpseOGMEmROg,R.E.M.,spotify:album:6l1ZSwtU3tTfRrk4Xreiew,Accelerate,spotify:artist:4KWTAlx2RvbpseOGMEmROg,R.E.M.,https://i.scdn.co/image/ab67616d0000b2734557fdc6d8501806344555ad,1,3,203880,https://p.scdn.co/mp3-preview/f483745b7849b57669fac244df289afa96af9624?cid=9950ac751e34487dbbe027c4fd7f8e99,FALSE,44,USWB10705619,https://open.spotify.com/track/47i0RQi76b6UUCIBDgu2TR
spotify:track:61YzdCCBPM5Pc7lIiD5i8C,Bang Bang,"spotify:artist:7pGyQZx9thVa8GxMBeXscB, spotify:artist:4bYPcJP5jwMhSivRcqie2n","K'NAAN, Adam Levine",spotify:album:4KJCTmDLyr3AYJAN8dBaKo,Troubadour,spotify:artist:7pGyQZx9thVa8GxMBeXscB,K'NAAN,https://i.scdn.co/image/ab67616d0000b273a3a8f20705f6f1d9adf84551,1,5,186533,https://p.scdn.co/mp3-preview/e20044342369b5322660f57f9d516b8a04537e95?cid=9950ac751e34487dbbe027c4fd7f8e99,TRUE,69,USUM70951244,https://open.spotify.com/track/61YzdCCBPM5Pc7lIiD5i8C
spotify:track:5noQJkpVfHt2D4df2GXieV,The Reeling,spotify:artist:7gjAu1qr5C2grXeQFFOGeh,Passion Pit,spotify:album:6H51jH1SuzV6ca1VxW2Tmv,Manners,spotify:artist:7gjAu1qr5C2grXeQFFOGeh,Passion Pit,https://i.scdn.co/image/ab67616d0000b2733437e8bbed340ca556c42c04,1,4,287906,https://p.scdn.co/mp3-preview/ae6bdfc06438ea4281675c8289d8d68797511b18?cid=9950ac751e34487dbbe027c4fd7f8e99,FALSE,50,USSM10901009,https://open.spotify.com/track/5noQJkpVfHt2D4df2GXieV
spotify:track:2Bz2Q1JNwwPj40T9AvzE7f,Make Some Noise,spotify:artist:03r4iKL2g2442PT9n2UKsx,Beastie Boys,spotify:album:1vQYbqslni0jVfvaVK2lvx,Hot Sauce Committee (Pt. 2),spotify:artist:03r4iKL2g2442PT9n2UKsx,Beastie Boys,https://i.scdn.co/image/ab67616d0000b273916f2e034e3c486d61b720de,1,1,210360,https://p.scdn.co/mp3-preview/3c2aba78ba64c13a824393de057e0af770a0edc5?cid=9950ac751e34487dbbe027c4fd7f8e99,TRUE,52,USCA21100528,https://open.spotify.com/track/2Bz2Q1JNwwPj40T9AvzE7f
spotify:track:1CNfl0M6gWcvW9QVpdcn93,Don't Run,spotify:artist:33rvAGSgPehaV3bvTasx5i,Bad Veins,spotify:album:3xe0SYl4sjpbvdioR7aapB,The Mess Remade,spotify:artist:33rvAGSgPehaV3bvTasx5i,Bad Veins,https://i.scdn.co/image/ab67616d0000b273000bd44e366a43c2aa469638,1,2,225995,https://p.scdn.co/mp3-preview/470c44c2aa47a75954142bc2b25676643a6bd962?cid=9950ac751e34487dbbe027c4fd7f8e99,FALSE,32,QM7GD1400030,https://open.spotify.com/track/1CNfl0M6gWcvW9QVpdcn93
spotify:track:0bC6dZwX9b1Klj2dfSCcRO,Global Concepts - Radio Edit,spotify:artist:42crL07E4WPfVovyUtMpvC,Robert DeLong,spotify:album:0GHk49c5oAhXNS9ByNZ1SF,Global Concepts (Remixes),spotify:artist:42crL07E4WPfVovyUtMpvC,Robert DeLong,https://i.scdn.co/image/ab67616d0000b273b71026c5a8bd124a34dbb989,1,5,226653,https://p.scdn.co/mp3-preview/e4f74b22da554f1c81e4545ce1588e4f8e01a728?cid=9950ac751e34487dbbe027c4fd7f8e99,TRUE,15,USYAH1200408,https://open.spotify.com/track/0bC6dZwX9b1Klj2dfSCcRO
spotify:track:73i6MgP5CKhhnZ69Go6u2X,Class Historian,spotify:artist:6Lll1MPPak4m4vZKuJB264,BRONCHO,spotify:album:1YZo1LnGe8GoT0mCbQ5R8J,Just Enough Hip to Be Woman,spotify:artist:6Lll1MPPak4m4vZKuJB264,BRONCHO,https://i.scdn.co/image/ab67616d0000b273430a957f6425aa6db629565c,1,2,212236,https://p.scdn.co/mp3-preview/a45099efc820e6ed90097dda847cfde43616128f?cid=9950ac751e34487dbbe027c4fd7f8e99,FALSE,50,CADE70902530,https://open.spotify.com/track/73i6MgP5CKhhnZ69Go6u2X
spotify:track:1w9ta1CvXlJPRXh6Py2Mto,What Kind Of Man,spotify:artist:1moxjboGR7GNWYIMWsRjgG,Florence + The Machine,spotify:album:0Om2TWqroaCLQamQME3bD2,"How Big, How Blue, How Beautiful (Deluxe)",spotify:artist:1moxjboGR7GNWYIMWsRjgG,Florence + The Machine,https://i.scdn.co/image/ab67616d0000b273b817e6d059a825ae6a2fdb3f,1,2,216176,https://p.scdn.co/mp3-preview/6675d49e84e0aef78c8dff709e776491108bbbab?cid=9950ac751e34487dbbe027c4fd7f8e99,FALSE,51,GBUM71500289,https://open.spotify.com/track/1w9ta1CvXlJPRXh6Py2Mto
spotify:track:6dBZy6s7ThEQAQz49Ff2dG,2AM,spotify:artist:3ViZST9PgFoieuOHY2GZMp,Bear Hands,spotify:album:503Sn7i44b2S4Lhh56LZqq,You'll Pay For This,spotify:artist:3ViZST9PgFoieuOHY2GZMp,Bear Hands,https://i.scdn.co/image/ab67616d0000b2730e7d7a123e8c45fe1d34bf6a,1,2,295680,https://p.scdn.co/mp3-preview/03dc639cf9eb33748adff6080848efb9453a49ce?cid=9950ac751e34487dbbe027c4fd7f8e99,FALSE,40,QZ27W1500002,https://open.spotify.com/track/6dBZy6s7ThEQAQz49Ff2dG
spotify:track:12pdXFcruNcPUbZypKUDgz,Love Is Mystical,spotify:artist:6VDdCwrBM4qQaGxoAyxyJC,Cold War Kids,spotify:album:7ivgZAxvcUXk33Jk4Hi7On,LA DIVINE,spotify:artist:6VDdCwrBM4qQaGxoAyxyJC,Cold War Kids,https://i.scdn.co/image/ab67616d0000b2732d0fb302fc70db48c971b3dc,1,1,214360,https://p.scdn.co/mp3-preview/b332fad75c639425741a0b7ec7eff84084e0859f?cid=9950ac751e34487dbbe027c4fd7f8e99,FALSE,59,USUG11700005,https://open.spotify.com/track/12pdXFcruNcPUbZypKUDgz
spotify:track:0w4m3Xp4svlIoyL94Zjlyd,&Run,spotify:artist:3DFoVPonoAAt4EZ1FEI8ue,Sir Sly,spotify:album:5VvCD7gVffRgdPfExxLfF4,"Don't You Worry, Honey",spotify:artist:3DFoVPonoAAt4EZ1FEI8ue,Sir Sly,https://i.scdn.co/image/ab67616d0000b273afffc8aea37762b4daa91e8b,1,3,226587,https://p.scdn.co/mp3-preview/be114b2c54fa943abbbf0dcfc778e623a82e17ff?cid=9950ac751e34487dbbe027c4fd7f8e99,FALSE,57,USUM71704895,https://open.spotify.com/track/0w4m3Xp4svlIoyL94Zjlyd
spotify:track:6N3aShaAM8V6valfHIFVOr,I Dare You,spotify:artist:67WNUxmM7y4WzHPAVzBu3E,The Regrettes,spotify:album:0uIC8BxmLHZLpQX81ZqQE0,How Do You Love?,spotify:artist:67WNUxmM7y4WzHPAVzBu3E,The Regrettes,https://i.scdn.co/image/ab67616d0000b273755fae5fd0ab091614b05b6b,1,3,170832,https://p.scdn.co/mp3-preview/f508540fe8b46fba34c29ea147cb2fc75c6e8102?cid=9950ac751e34487dbbe027c4fd7f8e99,FALSE,50,USWB11901117,https://open.spotify.com/track/6N3aShaAM8V6valfHIFVOr
spotify:track:3IvSOEk6cTPHa1J16dUR2k,Upside Down,spotify:artist:7ybnRZKtRbWQzJfKyYSyh6,Mondo Cozmo,spotify:album:2Gg1QaOnQrbKM4r8pHsfX3,New Medicine,spotify:artist:7ybnRZKtRbWQzJfKyYSyh6,Mondo Cozmo,https://i.scdn.co/image/ab67616d0000b27301137d42a4b8666eecfc4ac3,1,2,168686,https://p.scdn.co/mp3-preview/b5fa62dc8b317c550874cfb91070de81296e29c4?cid=9950ac751e34487dbbe027c4fd7f8e99,FALSE,33,CAL451065601,https://open.spotify.com/track/3IvSOEk6cTPHa1J16dUR2k
spotify:track:7s2kWabRM60W9I61HpKg8C,Solar Power,spotify:artist:163tK9Wjr9P9DmM0AVK7lm,Lorde,spotify:album:4SBl4zvNIL4H137YRf2P0J,Solar Power,spotify:artist:163tK9Wjr9P9DmM0AVK7lm,Lorde,https://i.scdn.co/image/ab67616d0000b27336615a0a60523dd62135ab3a,1,2,192621,https://p.scdn.co/mp3-preview/5a2b8b0d4cc595c371575a419288cd1799e3ed2c?cid=9950ac751e34487dbbe027c4fd7f8e99,FALSE,67,NZUM72100178,https://open.spotify.com/track/7s2kWabRM60W9I61HpKg8C
spotify:track:0Pz21tEIrYH2teQMqffWN5,Autonomy (feat. Cooper B. Handy),"spotify:artist:4iom7VVRU6AHRIu1JUXpLG, spotify:artist:16j0wVUk9UOoYEDknfb9rK","Boy Harsher, LUCY (Cooper B. Handy)",spotify:album:5dfc4xJu4rrdd7oufQu73H,The Runner (Original Soundtrack),spotify:artist:4iom7VVRU6AHRIu1JUXpLG,Boy Harsher,https://i.scdn.co/image/ab67616d0000b27302f80f4b1d00d33fe7a22afc,1,3,277080,https://p.scdn.co/mp3-preview/2b9fe902e300a272a59dcfd73274b6ef3b13c9ef?cid=9950ac751e34487dbbe027c4fd7f8e99,FALSE,48,DED622200014,https://open.spotify.com/track/0Pz21tEIrYH2teQMqffWN5